ID,Sub Tag Path,FIELD <Equip_Description>
Line1_Liquid_1,[default]SPG/Line 1/Mixer/SYS_7_GIW/HR/Equip_Description,Line 1 Liquid Scale
Line1_Liquid_2,[default]SPG/Line 1/Mixer/SYS_7_GIW/LR/Equip_Description,Line 1 Liquid Scale
Line1_Liquid_3,[default]SPG/Line 1/Mixer/SYS_7_GIW/OC/Equip_Description,Line 1 Liquid Scale
Line1_Liquid_4,[default]SPG/Line 1/Mixer/SYS_7_GIW/OT/Equip_Description,Line 1 Liquid Scale
Line1_Liquid_5,[default]SPG/Line 1/Mixer/SYS_7_GIW/SD/Equip_Description,Line 1 Liquid Scale
Line1_Liquid_6,[default]SPG/Line 1/Mixer/SYS_7_GIW/SE/Equip_Description,Line 1 Liquid Scale
Line1_Liquid_7,[default]SPG/Line 1/Mixer/SYS_7_GIW/SF/Equip_Description,Line 1 Liquid Scale
Line1_Liquid_8,[default]SPG/Line 1/Mixer/SYS_7_GIW/SS/Equip_Description,Line 1 Liquid Scale
Line1_Liquid_9,[default]SPG/Line 1/Mixer/SYS_7_GIW/UT/Equip_Description,Line 1 Liquid Scale
Line1_Liquid_10,[default]SPG/Line 1/Mixer/SYS_7_GIW/ZT/Equip_Description,Line 1 Liquid Scale
Line1_Liquid_11,[default]SPG/Line 1/Mixer/SYS_7_GIW3/HR/Equip_Description,Line 1 GIW FROM TOTE 2
Line1_Liquid_12,[default]SPG/Line 1/Mixer/SYS_7_GIW3/LR/Equip_Description,Line 1 GIW FROM TOTE 2
Line1_Liquid_13,[default]SPG/Line 1/Mixer/SYS_7_GIW3/OC/Equip_Description,Line 1 GIW FROM TOTE 2
Line1_Liquid_14,[default]SPG/Line 1/Mixer/SYS_7_GIW3/OT/Equip_Description,Line 1 GIW FROM TOTE 2
Line1_Liquid_15,[default]SPG/Line 1/Mixer/SYS_7_GIW3/SD/Equip_Description,Line 1 GIW FROM TOTE 2
Line1_Liquid_16,[default]SPG/Line 1/Mixer/SYS_7_GIW3/SE/Equip_Description,Line 1 GIW FROM TOTE 2
Line1_Liquid_17,[default]SPG/Line 1/Mixer/SYS_7_GIW3/SF/Equip_Description,Line 1 GIW FROM TOTE 2
Line1_Liquid_18,[default]SPG/Line 1/Mixer/SYS_7_GIW3/SS/Equip_Description,Line 1 GIW FROM TOTE 2
Line1_Liquid_19,[default]SPG/Line 1/Mixer/SYS_7_GIW3/UT/Equip_Description,Line 1 GIW FROM TOTE 2
Line1_Liquid_20,[default]SPG/Line 1/Mixer/SYS_7_GIW3/ZT/Equip_Description,Line 1 GIW FROM TOTE 2
Line1_Liquid_21,[default]SPG/Line 1/Mixer/SYS_7_GIW2/HR/Equip_Description,Line 1 GIW FROM TOTE 1
Line1_Liquid_22,[default]SPG/Line 1/Mixer/SYS_7_GIW2/LR/Equip_Description,Line 1 GIW FROM TOTE 1
Line1_Liquid_23,[default]SPG/Line 1/Mixer/SYS_7_GIW2/OC/Equip_Description,Line 1 GIW FROM TOTE 1
Line1_Liquid_24,[default]SPG/Line 1/Mixer/SYS_7_GIW2/OT/Equip_Description,Line 1 GIW FROM TOTE 1
Line1_Liquid_25,[default]SPG/Line 1/Mixer/SYS_7_GIW2/SD/Equip_Description,Line 1 GIW FROM TOTE 1
Line1_Liquid_26,[default]SPG/Line 1/Mixer/SYS_7_GIW2/SE/Equip_Description,Line 1 GIW FROM TOTE 1
Line1_Liquid_27,[default]SPG/Line 1/Mixer/SYS_7_GIW2/SF/Equip_Description,Line 1 GIW FROM TOTE 1
Line1_Liquid_28,[default]SPG/Line 1/Mixer/SYS_7_GIW2/SS/Equip_Description,Line 1 GIW FROM TOTE 1
Line1_Liquid_29,[default]SPG/Line 1/Mixer/SYS_7_GIW2/UT/Equip_Description,Line 1 GIW FROM TOTE 1
Line1_Liquid_30,[default]SPG/Line 1/Mixer/SYS_7_GIW2/ZT/Equip_Description,Line 1 GIW FROM TOTE 1
Line1_Liquid_31,[default]SPG/Line 1/Mixer/SYS_7_GIW1/HR/Equip_Description,Line 1 GIW FROM RESIN TANK
Line1_Liquid_32,[default]SPG/Line 1/Mixer/SYS_7_GIW1/LR/Equip_Description,Line 1 GIW FROM RESIN TANK
Line1_Liquid_33,[default]SPG/Line 1/Mixer/SYS_7_GIW1/OC/Equip_Description,Line 1 GIW FROM RESIN TANK
Line1_Liquid_34,[default]SPG/Line 1/Mixer/SYS_7_GIW1/OT/Equip_Description,Line 1 GIW FROM RESIN TANK
Line1_Liquid_35,[default]SPG/Line 1/Mixer/SYS_7_GIW1/SD/Equip_Description,Line 1 GIW FROM RESIN TANK
Line1_Liquid_36,[default]SPG/Line 1/Mixer/SYS_7_GIW1/SE/Equip_Description,Line 1 GIW FROM RESIN TANK
Line1_Liquid_37,[default]SPG/Line 1/Mixer/SYS_7_GIW1/SF/Equip_Description,Line 1 GIW FROM RESIN TANK
Line1_Liquid_38,[default]SPG/Line 1/Mixer/SYS_7_GIW1/SS/Equip_Description,Line 1 GIW FROM RESIN TANK
Line1_Liquid_39,[default]SPG/Line 1/Mixer/SYS_7_GIW1/UT/Equip_Description,Line 1 GIW FROM RESIN TANK
Line1_Liquid_40,[default]SPG/Line 1/Mixer/SYS_7_GIW1/ZT/Equip_Description,Line 1 GIW FROM RESIN TANK
Line1_Mixer_41,[default]SPG/Line 1/Mixer/SYS_1_LIW/HR/Equip_Description,Line 1 Liquid Scale
Line1_Mixer_42,[default]SPG/Line 1/Mixer/SYS_1_LIW/LR/Equip_Description,Line 1 Liquid Scale
Line1_Mixer_43,[default]SPG/Line 1/Mixer/SYS_1_LIW/OC/Equip_Description,Line 1 Liquid Scale
Line1_Mixer_44,[default]SPG/Line 1/Mixer/SYS_1_LIW/OT/Equip_Description,Line 1 Liquid Scale
Line1_Mixer_45,[default]SPG/Line 1/Mixer/SYS_1_LIW/SD/Equip_Description,Line 1 Liquid Scale
Line1_Mixer_46,[default]SPG/Line 1/Mixer/SYS_1_LIW/SE/Equip_Description,Line 1 Liquid Scale
Line1_Mixer_47,[default]SPG/Line 1/Mixer/SYS_1_LIW/SF/Equip_Description,Line 1 Liquid Scale
Line1_Mixer_48,[default]SPG/Line 1/Mixer/SYS_1_LIW/SS/Equip_Description,Line 1 Liquid Scale
Line1_Mixer_49,[default]SPG/Line 1/Mixer/SYS_1_LIW/UT/Equip_Description,Line 1 Liquid Scale
Line1_Mixer_50,[default]SPG/Line 1/Mixer/SYS_1_LIW/ZT/Equip_Description,Line 1 Liquid Scale
Line1_Mixer_51,[default]SPG/Line 1/Mixer/SYS_7_GIW/HR/Equip_Description,Line 1 Liquid Scale
Line1_Mixer_52,[default]SPG/Line 1/Mixer/SYS_7_GIW/LR/Equip_Description,Line 1 Liquid Scale
Line1_Mixer_53,[default]SPG/Line 1/Mixer/SYS_7_GIW/OC/Equip_Description,Line 1 Liquid Scale
Line1_Mixer_54,[default]SPG/Line 1/Mixer/SYS_7_GIW/OT/Equip_Description,Line 1 Liquid Scale
Line1_Mixer_55,[default]SPG/Line 1/Mixer/SYS_7_GIW/SD/Equip_Description,Line 1 Liquid Scale
Line1_Mixer_56,[default]SPG/Line 1/Mixer/SYS_7_GIW/SE/Equip_Description,Line 1 Liquid Scale
Line1_Mixer_57,[default]SPG/Line 1/Mixer/SYS_7_GIW/SF/Equip_Description,Line 1 Liquid Scale
Line1_Mixer_58,[default]SPG/Line 1/Mixer/SYS_7_GIW/SS/Equip_Description,Line 1 Liquid Scale
Line1_Mixer_59,[default]SPG/Line 1/Mixer/SYS_7_GIW/UT/Equip_Description,Line 1 Liquid Scale
Line1_Mixer_60,[default]SPG/Line 1/Mixer/SYS_7_GIW/ZT/Equip_Description,Line 1 Liquid Scale
Line1_Mixer_61,[default]SPG/Line 1/Mixer/SYS_5_LIW/HR/Equip_Description,Line 1 LIW FEEDER 5
Line1_Mixer_62,[default]SPG/Line 1/Mixer/SYS_5_LIW/LR/Equip_Description,Line 1 LIW FEEDER 5
Line1_Mixer_63,[default]SPG/Line 1/Mixer/SYS_5_LIW/OC/Equip_Description,Line 1 LIW FEEDER 5
Line1_Mixer_64,[default]SPG/Line 1/Mixer/SYS_5_LIW/OT/Equip_Description,Line 1 LIW FEEDER 5
Line1_Mixer_65,[default]SPG/Line 1/Mixer/SYS_5_LIW/SD/Equip_Description,Line 1 LIW FEEDER 5
Line1_Mixer_66,[default]SPG/Line 1/Mixer/SYS_5_LIW/SE/Equip_Description,Line 1 LIW FEEDER 5
Line1_Mixer_67,[default]SPG/Line 1/Mixer/SYS_5_LIW/SF/Equip_Description,Line 1 LIW FEEDER 5
Line1_Mixer_68,[default]SPG/Line 1/Mixer/SYS_5_LIW/SS/Equip_Description,Line 1 LIW FEEDER 5
Line1_Mixer_69,[default]SPG/Line 1/Mixer/SYS_5_LIW/UT/Equip_Description,Line 1 LIW FEEDER 5
Line1_Mixer_70,[default]SPG/Line 1/Mixer/SYS_5_LIW/ZT/Equip_Description,Line 1 LIW FEEDER 5
Line1_Mixer_71,[default]SPG/Line 1/Mixer/SYS_6_LIW/HR/Equip_Description,Line 1 LIW FEEDER 
Line1_Mixer_72,[default]SPG/Line 1/Mixer/SYS_6_LIW/LR/Equip_Description,Line 1 LIW FEEDER 
Line1_Mixer_73,[default]SPG/Line 1/Mixer/SYS_6_LIW/OC/Equip_Description,Line 1 LIW FEEDER 
Line1_Mixer_74,[default]SPG/Line 1/Mixer/SYS_6_LIW/OT/Equip_Description,Line 1 LIW FEEDER 
Line1_Mixer_75,[default]SPG/Line 1/Mixer/SYS_6_LIW/SD/Equip_Description,Line 1 LIW FEEDER 
Line1_Mixer_76,[default]SPG/Line 1/Mixer/SYS_6_LIW/SE/Equip_Description,Line 1 LIW FEEDER 
Line1_Mixer_77,[default]SPG/Line 1/Mixer/SYS_6_LIW/SF/Equip_Description,Line 1 LIW FEEDER 
Line1_Mixer_78,[default]SPG/Line 1/Mixer/SYS_6_LIW/SS/Equip_Description,Line 1 LIW FEEDER 
Line1_Mixer_79,[default]SPG/Line 1/Mixer/SYS_6_LIW/UT/Equip_Description,Line 1 LIW FEEDER 
Line1_Mixer_80,[default]SPG/Line 1/Mixer/SYS_6_LIW/ZT/Equip_Description,Line 1 LIW FEEDER 
Line1_Mixer_81,[default]SPG/Line 1/Mixer/SYS_2_LIW/ZT/Equip_Description,Line 1 LIW FEEDER 2
Line1_Mixer_82,[default]SPG/Line 1/Mixer/SYS_2_LIW/ZT/Equip_Description,Line 1 LIW FEEDER 2
Line1_Mixer_83,[default]SPG/Line 1/Mixer/SYS_2_LIW/ZT/Equip_Description,Line 1 LIW FEEDER 2
Line1_Mixer_84,[default]SPG/Line 1/Mixer/SYS_2_LIW/ZT/Equip_Description,Line 1 LIW FEEDER 2
Line1_Mixer_85,[default]SPG/Line 1/Mixer/SYS_2_LIW/ZT/Equip_Description,Line 1 LIW FEEDER 2
Line1_Mixer_86,[default]SPG/Line 1/Mixer/SYS_2_LIW/ZT/Equip_Description,Line 1 LIW FEEDER 2
Line1_Mixer_87,[default]SPG/Line 1/Mixer/SYS_2_LIW/ZT/Equip_Description,Line 1 LIW FEEDER 2
Line1_Mixer_88,[default]SPG/Line 1/Mixer/SYS_2_LIW/ZT/Equip_Description,Line 1 LIW FEEDER 2
Line1_Mixer_89,[default]SPG/Line 1/Mixer/SYS_2_LIW/ZT/Equip_Description,Line 1 LIW FEEDER 2
Line1_Mixer_90,[default]SPG/Line 1/Mixer/SYS_3_LIW/ZT/Equip_Description,Line 1 LIW FEEDER 3
Line1_Mixer_91,[default]SPG/Line 1/Mixer/SYS_3_LIW/ZT/Equip_Description,Line 1 LIW FEEDER 3
Line1_Mixer_92,[default]SPG/Line 1/Mixer/SYS_3_LIW/ZT/Equip_Description,Line 1 LIW FEEDER 3
Line1_Mixer_93,[default]SPG/Line 1/Mixer/SYS_3_LIW/ZT/Equip_Description,Line 1 LIW FEEDER 3
Line1_Mixer_94,[default]SPG/Line 1/Mixer/SYS_3_LIW/ZT/Equip_Description,Line 1 LIW FEEDER 3
Line1_Mixer_95,[default]SPG/Line 1/Mixer/SYS_3_LIW/ZT/Equip_Description,Line 1 LIW FEEDER 3
Line1_Mixer_96,[default]SPG/Line 1/Mixer/SYS_3_LIW/ZT/Equip_Description,Line 1 LIW FEEDER 3
Line1_Mixer_97,[default]SPG/Line 1/Mixer/SYS_3_LIW/ZT/Equip_Description,Line 1 LIW FEEDER 3
Line1_Mixer_98,[default]SPG/Line 1/Mixer/SYS_3_LIW/ZT/Equip_Description,Line 1 LIW FEEDER 3
Line1_Mixer_99,[default]SPG/Line 1/Mixer/SYS_3_LIW/ZT/Equip_Description,Line 1 LIW FEEDER 3
Line1_Mixer_100,[default]SPG/Line 1/Mixer/SYS_3_LIW/ZT/Equip_Description,Line 1 LIW FEEDER 3
Line1_LTU_101,[default]SPG/Liquid and Dust Collection/Liquid and Truck Unload/Premix Tote/PREMIX_GIW/HR/Equip_Description,Line 1 Premix Scale
Line1_LTU_102,[default]SPG/Liquid and Dust Collection/Liquid and Truck Unload/Premix Tote/PREMIX_GIW/LR/Equip_Description,Line 1 Premix Scale
Line1_LTU_103,[default]SPG/Liquid and Dust Collection/Liquid and Truck Unload/Premix Tote/PREMIX_GIW/OC/Equip_Description,Line 1 Premix Scale
Line1_LTU_104,[default]SPG/Liquid and Dust Collection/Liquid and Truck Unload/Premix Tote/PREMIX_GIW/OT/Equip_Description,Line 1 Premix Scale
Line1_LTU_105,[default]SPG/Liquid and Dust Collection/Liquid and Truck Unload/Premix Tote/PREMIX_GIW/SD/Equip_Description,Line 1 Premix Scale
Line1_LTU_106,[default]SPG/Liquid and Dust Collection/Liquid and Truck Unload/Premix Tote/PREMIX_GIW/SE/Equip_Description,Line 1 Premix Scale
Line1_LTU_107,[default]SPG/Liquid and Dust Collection/Liquid and Truck Unload/Premix Tote/PREMIX_GIW/SF/Equip_Description,Line 1 Premix Scale
Line1_LTU_108,[default]SPG/Liquid and Dust Collection/Liquid and Truck Unload/Premix Tote/PREMIX_GIW/SS/Equip_Description,Line 1 Premix Scale
Line1_LTU_109,[default]SPG/Liquid and Dust Collection/Liquid and Truck Unload/Premix Tote/PREMIX_GIW/UT/Equip_Description,Line 1 Premix Scale
Line1_LTU_110,[default]SPG/Liquid and Dust Collection/Liquid and Truck Unload/Premix Tote/PREMIX_GIW/ZT/Equip_Description,Line 1 Premix Scale
Line1_LTU_111,[default]SPG/Liquid and Dust Collection/Liquid and Truck Unload/Premix Tote/PREMIX_GIW/HR/Equip_Description,Line 1 TOTE C
Line1_LTU_112,[default]SPG/Liquid and Dust Collection/Liquid and Truck Unload/Premix Tote/PREMIX_GIW/LR/Equip_Description,Line 1 TOTE C
Line1_LTU_113,[default]SPG/Liquid and Dust Collection/Liquid and Truck Unload/Premix Tote/PREMIX_GIW/OC/Equip_Description,Line 1 TOTE C
Line1_LTU_114,[default]SPG/Liquid and Dust Collection/Liquid and Truck Unload/Premix Tote/PREMIX_GIW/OT/Equip_Description,Line 1 TOTE C
Line1_LTU_115,[default]SPG/Liquid and Dust Collection/Liquid and Truck Unload/Premix Tote/PREMIX_GIW/SD/Equip_Description,Line 1 TOTE C
Line1_LTU_116,[default]SPG/Liquid and Dust Collection/Liquid and Truck Unload/Premix Tote/PREMIX_GIW/SE/Equip_Description,Line 1 TOTE C
Line1_LTU_117,[default]SPG/Liquid and Dust Collection/Liquid and Truck Unload/Premix Tote/PREMIX_GIW/SF/Equip_Description,Line 1 TOTE C
Line1_LTU_118,[default]SPG/Liquid and Dust Collection/Liquid and Truck Unload/Premix Tote/PREMIX_GIW/SS/Equip_Description,Line 1 TOTE C
Line1_LTU_119,[default]SPG/Liquid and Dust Collection/Liquid and Truck Unload/Premix Tote/PREMIX_GIW/UT/Equip_Description,Line 1 TOTE C
Line1_LTU_120,[default]SPG/Liquid and Dust Collection/Liquid and Truck Unload/Premix Tote/PREMIX_GIW/ZT/Equip_Description,Line 1 TOTE C
Line1_LTU_121,[default]SPG/Liquid and Dust Collection/Liquid and Truck Unload/Premix Tote/PREMIX_GIW2/HR/Equip_Description,Line 1 TOTE B
Line1_LTU_122,[default]SPG/Liquid and Dust Collection/Liquid and Truck Unload/Premix Tote/PREMIX_GIW2/LR/Equip_Description,Line 1 TOTE B
Line1_LTU_123,[default]SPG/Liquid and Dust Collection/Liquid and Truck Unload/Premix Tote/PREMIX_GIW2/OC/Equip_Description,Line 1 TOTE B
Line1_LTU_124,[default]SPG/Liquid and Dust Collection/Liquid and Truck Unload/Premix Tote/PREMIX_GIW2/OT/Equip_Description,Line 1 TOTE B
Line1_LTU_125,[default]SPG/Liquid and Dust Collection/Liquid and Truck Unload/Premix Tote/PREMIX_GIW2/SD/Equip_Description,Line 1 TOTE B
Line1_LTU_126,[default]SPG/Liquid and Dust Collection/Liquid and Truck Unload/Premix Tote/PREMIX_GIW2/SE/Equip_Description,Line 1 TOTE B
Line1_LTU_127,[default]SPG/Liquid and Dust Collection/Liquid and Truck Unload/Premix Tote/PREMIX_GIW2/SF/Equip_Description,Line 1 TOTE B
Line1_LTU_128,[default]SPG/Liquid and Dust Collection/Liquid and Truck Unload/Premix Tote/PREMIX_GIW2/SS/Equip_Description,Line 1 TOTE B
Line1_LTU_129,[default]SPG/Liquid and Dust Collection/Liquid and Truck Unload/Premix Tote/PREMIX_GIW2/UT/Equip_Description,Line 1 TOTE B
Line1_LTU_130,[default]SPG/Liquid and Dust Collection/Liquid and Truck Unload/Premix Tote/PREMIX_GIW2/ZT/Equip_Description,Line 1 TOTE B
Line1_LTU_131,[default]SPG/Liquid and Dust Collection/Liquid and Truck Unload/Premix Tote/PREMIX_GIW1/HR/Equip_Description,Line 1 TOTE A
Line1_LTU_132,[default]SPG/Liquid and Dust Collection/Liquid and Truck Unload/Premix Tote/PREMIX_GIW1/LR/Equip_Description,Line 1 TOTE A
Line1_LTU_133,[default]SPG/Liquid and Dust Collection/Liquid and Truck Unload/Premix Tote/PREMIX_GIW1/OC/Equip_Description,Line 1 TOTE A
Line1_LTU_134,[default]SPG/Liquid and Dust Collection/Liquid and Truck Unload/Premix Tote/PREMIX_GIW1/OT/Equip_Description,Line 1 TOTE A
Line1_LTU_135,[default]SPG/Liquid and Dust Collection/Liquid and Truck Unload/Premix Tote/PREMIX_GIW1/SD/Equip_Description,Line 1 TOTE A
Line1_LTU_136,[default]SPG/Liquid and Dust Collection/Liquid and Truck Unload/Premix Tote/PREMIX_GIW1/SE/Equip_Description,Line 1 TOTE A
Line1_LTU_137,[default]SPG/Liquid and Dust Collection/Liquid and Truck Unload/Premix Tote/PREMIX_GIW1/SF/Equip_Description,Line 1 TOTE A
Line1_LTU_138,[default]SPG/Liquid and Dust Collection/Liquid and Truck Unload/Premix Tote/PREMIX_GIW1/SS/Equip_Description,Line 1 TOTE A
Line1_LTU_139,[default]SPG/Liquid and Dust Collection/Liquid and Truck Unload/Premix Tote/PREMIX_GIW1/UT/Equip_Description,Line 1 TOTE A
Line1_LTU_140,[default]SPG/Liquid and Dust Collection/Liquid and Truck Unload/Premix Tote/PREMIX_GIW1/ZT/Equip_Description,Line 1 TOTE A
Line1_LTU_141,[default]SPG/Liquid and Dust Collection/Liquid and Truck Unload/Premix Tote/PREMIX_GIW4/ZT/Equip_Description,Line 1 RESIN TANK
Line1_LTU_142,[default]SPG/Line 1/Mixer/SYS_2_LIW/ZT/Equip_Description,Line 1 LIW FEEDER 2
Line1_LTU_143,[default]SPG/Line 1/Mixer/SYS_2_LIW/ZT/Equip_Description,Line 1 LIW FEEDER 2
Line1_LTU_144,[default]SPG/Line 1/Mixer/SYS_2_LIW/ZT/Equip_Description,Line 1 LIW FEEDER 2
Line1_LTU_145,[default]SPG/Line 1/Mixer/SYS_2_LIW/ZT/Equip_Description,Line 1 LIW FEEDER 2
Line1_LTU_146,[default]SPG/Line 1/Mixer/SYS_2_LIW/ZT/Equip_Description,Line 1 LIW FEEDER 2
Line1_LTU_147,[default]SPG/Line 1/Mixer/SYS_2_LIW/ZT/Equip_Description,Line 1 LIW FEEDER 2
Line1_LTU_148,[default]SPG/Line 1/Mixer/SYS_2_LIW/ZT/Equip_Description,Line 1 LIW FEEDER 2
Line1_LTU_149,[default]SPG/Line 1/Mixer/SYS_2_LIW/ZT/Equip_Description,Line 1 LIW FEEDER 2
Line1_LTU_150,[default]SPG/Line 1/Mixer/SYS_3_LIW/ZT/Equip_Description,Line 1 LIW FEEDER 3
